codigo_ibge,nome,uf,entidade_id
3100203,Abaeté,MG,1913769
3101201,Aiuruoca,MG,2132421
3101805,Alpercata,MG,830489
3102001,Alterosa,MG,749988
3102209,Alvarenga,MG,740820
3103108,Antônio Prado de Minas,MG,2883750
3103801,Arapuá,MG,2948680
3104601,Astolfo Dutra,MG,144962
3105301,Bandeira do Sul,MG,153939
3106002,Bela Vista de Minas,MG,1293935
3106903,Bicas,MG,2189450
3107000,Biquinhas,MG,2176216
3107307,Bocaiúva,MG,2192382
3107406,Bom Despacho,MG,2231221
3107604,Bom Jesus da Penha,MG,2806657
3108107,Bonfim,MG,2188244
3108305,Borda da Mata,MG,159022
3108404,Botelhos,MG,2391373
3108909,Brazópolis,MG,121889
3110103,Caiana,MG,2849842
3110301,Caldas,MG,90669
3110400,Camacho,MG,3671144
3110608,Cambuí,MG,1176925
3110707,Cambuquira,MG,1036769
3111150,Campo Azul,MG,1068020
3111309,Campo do Meio,MG,93863
3111705,Canaã,MG,97699
3112109,Caparaó,MG,2027795
3112901,Caputira,MG,3969821
3114303,Carmo do Paranaíba,MG,95321
3114808,Carvalhos,MG,3150620
3115003,Cascalho Rico,MG,43431
3115409,Catas Altas da Noruega,MG,747297
3115458,Catuji,MG,1724955
3115607,Cedro do Abaeté,MG,2454764
3115904,Chácara,MG,27858
3116159,Chapada Gaúcha,MG,413986
3116209,Chiador,MG,789022
3116704,Coimbra,MG,841158
3117207,Conceição das Pedras,MG,1929714
3117876,Confins,MG,103104
3119005,Cordislândia,MG,876062
3119906,Córrego do Bom Jesus,MG,1521964
3122009,Divino,MG,867983
3122207,Divinolândia de Minas,MG,2955377
3123007,Dores de Campos,MG,2269422
3124005,Ervália,MG,107685
3124401,Espírito Santo do Dourado,MG,3970046
3124500,Estiva,MG,898137
3124906,Eugenópolis,MG,2506255
3125200,Fama,MG,1490708
3125309,Faria Lemos,MG,2782889
3126000,Florestal,MG,1687576
3126752,Franciscópolis,MG,929455
3127008,Fronteira,MG,45273
3127404,Gonçalves,MG,2245383
3128303,Guaranésia,MG,3340834
3128501,Guarará,MG,2372390
3129608,Ibiaí,MG,3808557
3129707,Ibiraci,MG,225857
3129905,Ibitiúra de Minas,MG,1534668
3131109,Inimutaba,MG,1073213
3131158,Ipaba,MG,39656
3131406,Ipiaçu,MG,3379607
3131604,Iraí de Minas,MG,3152026
3132305,Itaipé,MG,1566185
3133006,Itamonte,MG,2900060
3134004,Itinga,MG,912250
3135076,Jampruca,MG,945232
3135803,Jequitinhonha,MG,868185
3137502,Lagoa Formosa,MG,1631277
3138104,Lassance,MG,144249
3138302,Leandro Ferreira,MG,2195171
3138609,Lima Duarte,MG,166227
3138658,Lontra,MG,268950
3138674,Luisburgo,MG,3332610
3138708,Luminárias,MG,1008881
3138906,Machacalis,MG,389213
3139201,Malacacheta,MG,383739
3139904,Maria da Fé,MG,144988
3140209,Maripá de Minas,MG,2458839
3140704,Mateus Leme,MG,923974
3140803,Matias Barbosa,MG,815917
3141009,Mato Verde,MG,142446
3142205,Miraí,MG,1299352
3142304,Moeda,MG,1079582
3143500,Morada Nova de Minas,MG,3073731
3144300,Nanuque,MG,103647
3145109,Nova Resende,MG,91974
3145307,Novo Cruzeiro,MG,18173
3145356,Novo Oriente de Minas,MG,142604
3145851,Oratórios,MG,146096
3147303,Paraisópolis,MG,3208302
3147501,Passabém,MG,143578
3148103,Patrocínio,MG,40430
3148202,Patrocínio do Muriaé,MG,186075
3148509,Pavão,MG,1856337
3148707,Pedra Azul,MG,22639
3148806,Pedra do Anta,MG,1298941
3149002,Pedra Dourada,MG,273955
3150307,Piedade do Rio Grande,MG,805472
3150570,Pintópolis,MG,802461
3151602,Planura,MG,2342700
3152105,Ponte Nova,MG,488330
3152303,Porto Firme,MG,970710
3152600,Pouso Alto,MG,3157967
3152709,Prados,MG,157573
3152907,Pratápolis,MG,362102
3153608,Prudente de Morais,MG,756887
3154002,Raul Soares,MG,3027243
3154408,Ressaquinha,MG,3307039
3154457,Riachinho,MG,3805299
3154903,Rio Casca,MG,2257338
3155405,Rio Novo,MG,3692852
3155801,Rio Pomba,MG,2116568
3156403,Romaria,MG,2273547
3156601,Rubim,MG,133885
3157302,Santa Bárbara do Tugúrio,MG,1466343
3157609,Santa Fé de Minas,MG,1033773
3157658,Santa Helena de Minas,MG,2603066
3157708,Santa Juliana,MG,799103
3158003,Santa Maria de Itabira,MG,3467140
3158607,Santana do Deserto,MG,254675
3158805,Santana do Jacaré,MG,254868
3159407,Santa Rita de Ibitipoca,MG,2342297
3159704,Santa Rosa da Serra,MG,2402305
3160108,Santo Antônio do Grama,MG,984379
3160454,Santo Antônio do Retiro,MG,17245
3160504,Santo Antônio do Rio Abaixo,MG,148554
3160702,Santos Dumont,MG,2075046
3162005,São Gonçalo do Sapucaí,MG,1048535
3162450,São João das Missões,MG,2530337
3162906,São João Nepomuceno,MG,58995
3163607,São José do Mantimento,MG,314170
3163805,São Miguel do Anta,MG,2294425
3163904,São Pedro da União,MG,2203934
3164001,São Pedro dos Ferros,MG,150901
3164209,São Romão,MG,3292228
3164308,São Roque de Minas,MG,2007597
3164803,São Sebastião do Rio Preto,MG,410622
3165107,São Tomás de Aquino,MG,152089
3166204,Senhora dos Remédios,MG,102741
3166303,Sericita,MG,1659590
3166709,Serra dos Aimorés,MG,40250
3166956,Serranópolis de Minas,MG,1315641
3165552,Setubinha,MG,40004
3167400,Silvianópolis,MG,1618963
3168002,Taiobeiras,MG,129420
3168200,Tapiraí,MG,2203708
3168804,Tiradentes,MG,105122
3169059,Tocos do Moji,MG,2790058
3169109,Toledo,MG,3024549
3169208,Tombos,MG,88971
3169802,Turvolândia,MG,161498
3170057,Ubaporanga,MG,151675
3170479,Uruana de Minas,MG,157754
3170503,Urucânia,MG,1793263
3171006,Vazante,MG,78689
3171402,Vieiras,MG,948802
3171907,Virgolândia,MG,758042
3172004,Visconde do Rio Branco,MG,107885
